Avg_syn_flag,Avg_urg_flag,Avg_fin_flag,Avg_ack_flag,Avg_psh_flag,Avg_rst_flag,Avg_DNS_pkt,Avg_TCP_pkt,Avg_UDP_pkt,Avg_ICMP_pkt,Duration_window_flow,Avg_delta_time,Min_delta_time,Max_delta_time,StDev_delta_time,Avg_pkts_lenght,Min_pkts_lenght,Max_pkts_lenght,StDev_pkts_lenght,Avg_small_payload_pkt,Avg_payload,Min_payload,Max_payload,StDev_payload,Avg_DNS_over_TCP,Label
0.6,0,0,0,0,0.4,0,1,0,0,0.000512,5.12E-05,6.00E-06,0.000102,3.32E-05,60,60,60,0,1,3.6,2,6,2.065591118,0,1
0.6,0,0,0,0,0.4,0,1,0,0,0.002887,0.0002887,2.00E-06,0.002425,0.000793139,60,60,60,0,1,3.6,2,6,2.065591118,0,1
0.4,0,0,0,0,0.6,0,1,0,0,0.000444,4.44E-05,2.00E-06,0.000147,5.02E-05,60,60,60,0,1,4.4,2,6,2.065591118,0,1
0.6,0,0,0,0,0.4,0,1,0,0,0.000576,5.76E-05,4.00E-06,0.00027,7.92E-05,60,60,60,0,1,3.6,2,6,2.065591118,0,1
0.6,0,0,0,0,0.4,0,1,0,0,0.003237,0.0003237,2.00E-06,0.002803,0.000917255,60,60,60,0,1,3.6,2,6,2.065591118,0,1
0.5,0,0,0,0,0.5,0,1,0,0,0.000579,5.79E-05,3.00E-06,0.000164,5.41E-05,60,60,60,0,1,4,2,6,2.108185107,0,1
0.4,0,0,0,0,0.6,0,1,0,0,0.000412,4.12E-05,2.00E-06,0.000199,6.10E-05,60,60,60,0,1,4.4,2,6,2.065591118,0,1
0.5,0,0,0,0,0.5,0,1,0,0,0.000627,6.27E-05,4.00E-06,0.000211,6.56E-05,60,60,60,0,1,4,2,6,2.108185107,0,1
0.4,0,0,0,0,0.6,0,1,0,0,0.000574,5.74E-05,6.00E-06,0.000191,5.96E-05,60,60,60,0,1,4.4,2,6,2.065591118,0,1
0.6,0,0,0,0,0.4,0,1,0,0,0.000637,6.37E-05,1.00E-06,0.000233,8.09E-05,60,60,60,0,1,3.6,2,6,2.065591118,0,1
0.5,0,0,0,0,0.5,0,1,0,0,0.003618,0.0003618,2.00E-06,0.003071,0.001002455,60,60,60,0,1,4,2,6,2.108185107,0,1
0.5,0,0,0,0,0.5,0,1,0,0,0.001356,0.0001356,5.00E-06,0.000792,0.000253154,60,60,60,0,1,4,2,6,2.108185107,0,1
0.9,0,0,0,0,0.1,0,1,0,0,0.000269,2.69E-05,2.70E-05,3.50E-05,2.37E-06,60,60,60,0,1,2.4,2,6,1.264911064,0,1
0,0,0,0,0,1,0,1,0,0,0.000081,8.10E-06,1.00E-06,5.90E-05,1.89E-05,60,60,60,0,1,6,6,6,0,0,1
0.6,0,0,0,0,0.4,0,1,0,0,0.000542,5.42E-05,6.00E-06,0.000204,5.94E-05,60,60,60,0,1,3.6,2,6,2.065591118,0,1
0.7,0,0,0,0,0.3,0,1,0,0,0.000267,2.67E-05,3.00E-06,7.50E-05,2.15E-05,60,60,60,0,1,3.2,2,6,1.932183566,0,1
0.4,0,0,0,0,0.6,0,1,0,0,0.000501,5.01E-05,1.00E-06,0.000286,8.98E-05,60,60,60,0,1,4.4,2,6,2.065591118,0,1
0.5,0,0,0,0,0.5,0,1,0,0,0.000703,7.03E-05,5.00E-06,0.000469,0.00014824,60,60,60,0,1,4,2,6,2.108185107,0,1
0.4,0,0,0,0,0.6,0,1,0,0,0.000619,6.19E-05,4.00E-06,0.000225,7.56E-05,60,60,60,0,1,4.4,2,6,2.065591118,0,1
0.5,0,0,0,0,0.5,0,1,0,0,0.000512,5.12E-05,3.00E-06,0.000197,5.94E-05,60,60,60,0,1,4,2,6,2.108185107,0,1
0.8,0,0,0,0,0.2,0,1,0,0,0.003655,0.0003655,2.40E-05,0.002482,0.000830227,60,60,60,0,1,2.8,2,6,1.686548085,0,1
1,0,0,0,0,0,0,1,0,0,0.000396,3.96E-05,2.80E-05,6.70E-05,1.25E-05,60,60,60,0,1,2,2,2,0,0,1
0.2,0,0,0,0,0.8,0,1,0,0,0.000094,9.40E-06,2.00E-06,4.40E-05,1.45E-05,60,60,60,0,1,5.2,2,6,1.686548085,0,1
0,0,0,0,0,1,0,1,0,0,0.000029,2.90E-06,1.00E-06,1.50E-05,4.47E-06,60,60,60,0,1,6,6,6,0,0,1
0.8,0,0,0,0,0.2,0,1,0,0,0.000478,4.78E-05,1.00E-06,0.000239,7.09E-05,60,60,60,0,1,2.8,2,6,1.686548085,0,1
0.2,0,0,0,0,0.8,0,1,0,0,0.00031,3.10E-05,1.00E-06,0.000191,6.27E-05,60,60,60,0,1,5.2,2,6,1.686548085,0,1
0.4,0,0,0,0,0.6,0,1,0,0,0.000289,2.89E-05,1.00E-06,0.000161,5.01E-05,60,60,60,0,1,4.4,2,6,2.065591118,0,1
0.9,0,0,0,0,0.1,0,1,0,0,0.000285,2.85E-05,2.30E-05,5.10E-05,8.97E-06,60,60,60,0,1,2.4,2,6,1.264911064,0,1
0.2,0,0,0,0,0.8,0,1,0,0,0.000361,3.61E-05,1.00E-06,0.000203,7.00E-05,60,60,60,0,1,5.2,2,6,1.686548085,0,1
0.4,0,0,0,0,0.6,0,1,0,0,0.000179,1.79E-05,1.00E-06,5.50E-05,1.86E-05,60,60,60,0,1,4.4,2,6,2.065591118,0,1
0.9,0,0,0,0,0.1,0,1,0,0,0.00371,0.000371,4.50E-05,0.00217,0.000735134,60,60,60,0,1,2.4,2,6,1.264911064,0,1
0.6,0,0,0,0,0.4,0,1,0,0,0.000232,2.32E-05,3.00E-06,5.60E-05,1.79E-05,60,60,60,0,1,3.6,2,6,2.065591118,0,1
0,0,0,0,0,1,0,1,0,0,0.001198,0.0001198,1.00E-06,0.001073,0.000353943,60,60,60,0,1,6,6,6,0,0,1
0.5,0,0,0,0,0.5,0,1,0,0,0.000616,6.16E-05,6.00E-06,0.000253,7.61E-05,60,60,60,0,1,4,2,6,2.108185107,0,1
1,0,0,0,0,0,0,1,0,0,0.00064,6.40E-05,3.20E-05,0.000304,8.76E-05,60,60,60,0,1,2,2,2,0,0,1
0,0,0,0,0,1,0,1,0,0,0.000115,1.15E-05,1.00E-06,9.50E-05,3.09E-05,60,60,60,0,1,6,6,6,0,0,1
1,0,0,0,0,0,0,1,0,0,0.000432,4.32E-05,2.60E-05,9.90E-05,2.28E-05,60,60,60,0,1,2,2,2,0,0,1
1,0,0,0,0,0,0,1,0,0,0.000576,5.76E-05,3.50E-05,0.000106,2.74E-05,60,60,60,0,1,2,2,2,0,0,1
0,0,0,0,0,1,0,1,0,0,0.000034,3.40E-06,2.00E-06,8.00E-06,1.92E-06,60,60,60,0,1,6,6,6,0,0,1
0.1,0,0,0,0,0.9,0,1,0,0,0.000095,9.50E-06,2.00E-06,4.30E-05,1.32E-05,60,60,60,0,1,5.6,2,6,1.264911064,0,1
0.6,0,0,0,0,0.4,0,1,0,0,0.005329,0.0005329,1.00E-05,0.003337,0.001147774,60,60,60,0,1,3.6,2,6,2.065591118,0,1
0.6,0,0,0,0,0.4,0,1,0,0,0.000557,5.57E-05,6.00E-06,0.000291,8.75E-05,60,60,60,0,1,3.6,2,6,2.065591118,0,1
0.3,0,0,0,0,0.7,0,1,0,0,0.000393,3.93E-05,2.00E-06,0.000142,4.81E-05,60,60,60,0,1,4.8,2,6,1.932183566,0,1
0.5,0,0,0,0,0.5,0,1,0,0,0.000598,5.98E-05,5.00E-06,0.000281,8.54E-05,60,60,60,0,1,4,2,6,2.108185107,0,1
0.6,0,0,0,0,0.4,0,1,0,0,0.00054,5.40E-05,4.00E-06,0.000236,7.46E-05,60,60,60,0,1,3.6,2,6,2.065591118,0,1
0.4,0,0,0,0,0.6,0,1,0,0,0.000619,6.19E-05,2.00E-06,0.000297,0.000109093,60,60,60,0,1,4.4,2,6,2.065591118,0,1
0.4,0,0,0,0,0.6,0,1,0,0,0.000721,7.21E-05,1.00E-06,0.000305,0.000113483,60,60,60,0,1,4.4,2,6,2.065591118,0,1
0.6,0,0,0,0,0.4,0,1,0,0,0.000747,7.47E-05,1.00E-06,0.000347,0.000130632,60,60,60,0,1,3.6,2,6,2.065591118,0,1
0.4,0,0,0,0,0.6,0,1,0,0,0.000525,5.25E-05,2.00E-06,0.000216,8.54E-05,60,60,60,0,1,4.4,2,6,2.065591118,0,1
0.6,0,0,0,0,0.4,0,1,0,0,0.000617,6.17E-05,1.00E-06,0.000253,0.000102771,60,60,60,0,1,3.6,2,6,2.065591118,0,1
0.8,0,0,0,0,0.2,0,1,0,0,0.003324,0.0003324,9.00E-06,0.002965,0.000973753,60,60,60,0,1,2.8,2,6,1.686548085,0,1
0.2,0,0,0,0,0.8,0,1,0,0,0.00035,3.50E-05,1.00E-06,0.000189,6.48E-05,60,60,60,0,1,5.2,2,6,1.686548085,0,1
0.6,0,0,0,0,0.4,0,1,0,0,0.000493,4.93E-05,5.00E-06,0.000166,5.03E-05,60,60,60,0,1,3.6,2,6,2.065591118,0,1
0.6,0,0,0,0,0.4,0,1,0,0,0.000518,5.18E-05,3.00E-06,0.000283,8.74E-05,60,60,60,0,1,3.6,2,6,2.065591118,0,1
0.4,0,0,0,0,0.6,0,1,0,0,0.000606,6.06E-05,3.00E-06,0.000354,0.000111755,60,60,60,0,1,4.4,2,6,2.065591118,0,1
0.4,0,0,0,0,0.6,0,1,0,0,0.000445,4.45E-05,2.00E-06,0.000234,7.41E-05,60,60,60,0,1,4.4,2,6,2.065591118,0,1
0.4,0,0,0,0,0.6,0,1,0,0,0.000264,2.64E-05,1.00E-06,9.00E-05,3.14E-05,60,60,60,0,1,4.4,2,6,2.065591118,0,1
0.6,0,0,0,0,0.4,0,1,0,0,0.00041,4.10E-05,7.00E-06,0.000103,2.96E-05,60,60,60,0,1,3.6,2,6,2.065591118,0,1
0.6,0,0,0,0,0.4,0,1,0,0,0.000417,4.17E-05,2.00E-06,0.000227,6.91E-05,60,60,60,0,1,3.6,2,6,2.065591118,0,1
0.4,0,0,0,0,0.6,0,1,0,0,0.000523,5.23E-05,5.00E-06,0.000201,7.34E-05,60,60,60,0,1,4.4,2,6,2.065591118,0,1
0.8,0,0,0,0,0.2,0,1,0,0,0.002919,0.0002919,1.00E-06,0.002641,0.000868907,60,60,60,0,1,2.8,2,6,1.686548085,0,1
0.2,0,0,0,0,0.8,0,1,0,0,0.000276,2.76E-05,2.00E-06,0.000139,5.00E-05,60,60,60,0,1,5.2,2,6,1.686548085,0,1
0.5,0,0,0,0,0.5,0,1,0,0,0.000234,2.34E-05,1.00E-06,5.80E-05,2.19E-05,60,60,60,0,1,4,2,6,2.108185107,0,1
0.5,0,0,0,0,0.5,0,1,0,0,0.000242,2.42E-05,2.00E-06,0.000125,3.87E-05,60,60,60,0,1,4,2,6,2.108185107,0,1
0.6,0,0,0,0,0.4,0,1,0,0,0.000348,3.48E-05,4.00E-06,0.000164,4.87E-05,60,60,60,0,1,3.6,2,6,2.065591118,0,1
0.4,0,0,0,0,0.6,0,1,0,0,0.000426,4.26E-05,2.00E-06,0.000153,5.37E-05,60,60,60,0,1,4.4,2,6,2.065591118,0,1
0.4,0,0,0,0,0.6,0,1,0,0,0.000496,4.96E-05,3.00E-06,0.00014,5.38E-05,60,60,60,0,1,4.4,2,6,2.065591118,0,1
0.6,0,0,0,0,0.4,0,1,0,0,0.000252,2.52E-05,2.00E-06,5.70E-05,2.04E-05,60,60,60,0,1,3.6,2,6,2.065591118,0,1
0.6,0,0,0,0,0.4,0,1,0,0,0.000381,3.81E-05,4.00E-06,0.000142,4.71E-05,60,60,60,0,1,3.6,2,6,2.065591118,0,1
0.4,0,0,0,0,0.6,0,1,0,0,0.000607,6.07E-05,2.00E-06,0.000428,0.000136583,60,60,60,0,1,4.4,2,6,2.065591118,0,1
0.7,0,0,0,0,0.3,0,1,0,0,0.002909,0.0002909,4.00E-06,0.002633,0.000866305,60,60,60,0,1,3.2,2,6,1.932183566,0,1
0.5,0,0,0,0,0.5,0,1,0,0,0.000292,2.92E-05,2.00E-06,0.000109,3.49E-05,60,60,60,0,1,4,2,6,2.108185107,0,1
0.4,0,0,0,0,0.6,0,1,0,0,0.000305,3.05E-05,1.00E-06,0.000174,5.49E-05,60,60,60,0,1,4.4,2,6,2.065591118,0,1
0.4,0,0,0,0,0.6,0,1,0,0,0.000398,3.98E-05,1.00E-06,0.000155,5.57E-05,60,60,60,0,1,4.4,2,6,2.065591118,0,1
0.4,0,0,0,0,0.6,0,1,0,0,0.000275,2.75E-05,2.00E-06,0.000153,4.77E-05,60,60,60,0,1,4.4,2,6,2.065591118,0,1
0.6,0,0,0,0,0.4,0,1,0,0,0.000416,4.16E-05,3.00E-06,0.000188,5.62E-05,60,60,60,0,1,3.6,2,6,2.065591118,0,1
0.6,0,0,0,0,0.4,0,1,0,0,0.000666,6.66E-05,2.00E-06,0.000319,0.000118426,60,60,60,0,1,3.6,2,6,2.065591118,0,1
0.4,0,0,0,0,0.6,0,1,0,0,0.000362,3.62E-05,1.00E-06,0.000113,4.79E-05,60,60,60,0,1,4.4,2,6,2.065591118,0,1
0.4,0,0,0,0,0.6,0,1,0,0,0.000208,2.08E-05,1.00E-06,6.40E-05,2.25E-05,60,60,60,0,1,4.4,2,6,2.065591118,0,1
0.6,0,0,0,0,0.4,0,1,0,0,0.000349,3.49E-05,1.00E-06,0.000215,6.70E-05,60,60,60,0,1,3.6,2,6,2.065591118,0,1
0.8,0,0,0,0,0.2,0,1,0,0,0.002764,0.0002764,2.00E-06,0.002493,0.000819919,60,60,60,0,1,2.8,2,6,1.686548085,0,1
0.2,0,0,0,0,0.8,0,1,0,0,0.000377,3.77E-05,4.00E-06,0.000163,5.14E-05,60,60,60,0,1,5.2,2,6,1.686548085,0,1
0.4,0,0,0,0,0.6,0,1,0,0,0.000239,2.39E-05,1.00E-06,0.00012,3.73E-05,60,60,60,0,1,4.4,2,6,2.065591118,0,1
0.6,0,0,0,0,0.4,0,1,0,0,0.000486,4.86E-05,2.00E-06,0.000243,7.73E-05,60,60,60,0,1,3.6,2,6,2.065591118,0,1
0.6,0,0,0,0,0.4,0,1,0,0,0.000419,4.19E-05,4.00E-06,0.000152,4.95E-05,60,60,60,0,1,3.6,2,6,2.065591118,0,1
0.4,0,0,0,0,0.6,0,1,0,0,0.000833,8.33E-05,2.00E-06,0.000316,0.000117737,60,60,60,0,1,4.4,2,6,2.065591118,0,1
0.4,0,0,0,0,0.6,0,1,0,0,0.000302,3.02E-05,2.00E-06,0.000146,4.78E-05,60,60,60,0,1,4.4,2,6,2.065591118,0,1
0.6,0,0,0,0,0.4,0,1,0,0,0.000385,3.85E-05,4.00E-06,0.000135,3.88E-05,60,60,60,0,1,3.6,2,6,2.065591118,0,1
0.6,0,0,0,0,0.4,0,1,0,0,0.000505,5.05E-05,6.00E-06,0.000213,6.26E-05,60,60,60,0,1,3.6,2,6,2.065591118,0,1
0.4,0,0,0,0,0.6,0,1,0,0,0.000471,4.71E-05,1.00E-06,0.000238,7.79E-05,60,60,60,0,1,4.4,2,6,2.065591118,0,1
0.8,0,0,0,0,0.2,0,1,0,0,0.003203,0.0003203,3.00E-06,0.002867,0.000941861,60,60,60,0,1,2.8,2,6,1.686548085,0,1
0.2,0,0,0,0,0.8,0,1,0,0,0.000108,1.08E-05,2.00E-06,4.80E-05,1.61E-05,60,60,60,0,1,5.2,2,6,1.686548085,0,1
0.6,0,0,0,0,0.4,0,1,0,0,0.000491,4.91E-05,2.00E-06,0.000236,7.06E-05,60,60,60,0,1,3.6,2,6,2.065591118,0,1
0.6,0,0,0,0,0.4,0,1,0,0,0.000592,5.92E-05,3.00E-06,0.000234,8.50E-05,60,60,60,0,1,3.6,2,6,2.065591118,0,1
0.4,0,0,0,0,0.6,0,1,0,0,0.00034,3.40E-05,2.00E-06,0.000205,6.47E-05,60,60,60,0,1,4.4,2,6,2.065591118,0,1
0.6,0,0,0,0,0.4,0,1,0,0,0.000505,5.05E-05,5.00E-06,0.000279,8.66E-05,60,60,60,0,1,3.6,2,6,2.065591118,0,1
0.4,0,0,0,0,0.6,0,1,0,0,0.00013,1.30E-05,1.00E-06,3.80E-05,1.55E-05,60,60,60,0,1,4.4,2,6,2.065591118,0,1
0.6,0,0,0,0,0.4,0,1,0,0,0.000394,3.94E-05,2.00E-06,0.000186,5.64E-05,60,60,60,0,1,3.6,2,6,2.065591118,0,1
0.2,0,0,0,0,0.8,0,1,0,0,0.000178,1.78E-05,1.00E-06,5.70E-05,2.29E-05,60,60,60,0,1,5.2,2,6,1.686548085,0,1
0.6,0,0,0,0,0.4,0,1,0,0,0.000291,2.91E-05,4.00E-06,7.30E-05,2.30E-05,60,60,60,0,1,3.6,2,6,2.065591118,0,1
0.6,0,0,0,0,0.4,0,1,0,0,0.002713,0.0002713,3.00E-06,0.002345,0.000767436,60,60,60,0,1,3.6,2,6,2.065591118,0,1
0.6,0,0,0,0,0.4,0,1,0,0,0.000484,4.84E-05,3.00E-06,0.000205,6.36E-05,60,60,60,0,1,3.6,2,6,2.065591118,0,1
0.4,0,0,0,0,0.6,0,1,0,0,0.002529,0.0002529,2.00E-06,0.002362,0.000780638,60,60,60,0,1,4.4,2,6,2.065591118,0,1
1,0,0,0,0,0,0,1,0,0,0.0003,3.00E-05,1.90E-05,5.70E-05,1.39E-05,60,60,60,0,1,2,2,2,0,0,1
1,0,0,0,0,0,0,1,0,0,0.000231,2.31E-05,1.80E-05,3.60E-05,7.48E-06,60,60,60,0,1,2,2,2,0,0,1
1,0,0,0,0,0,0,1,0,0,0.000239,2.39E-05,1.80E-05,4.30E-05,9.54E-06,60,60,60,0,1,2,2,2,0,0,1
0.4,0,0,0,0,0.6,0,1,0,0,0.000134,1.34E-05,2.00E-06,2.90E-05,1.08E-05,60,60,60,0,1,4.4,2,6,2.065591118,0,1
0,0,0,0,0,1,0,1,0,0,0.000016,1.60E-06,1.00E-06,3.00E-06,6.67E-07,60,60,60,0,1,6,6,6,0,0,1
0,0,0,0,0,1,0,1,0,0,0.000039,3.90E-06,1.00E-06,2.50E-05,7.76E-06,60,60,60,0,1,6,6,6,0,0,1
0,0,0,0,0,1,0,1,0,0,0.000014,1.40E-06,1.00E-06,2.00E-06,5.27E-07,60,60,60,0,1,6,6,6,0,0,1
0.8,0,0,0,0,0.2,0,1,0,0,0.003478,0.0003478,1.00E-06,0.003271,0.001081774,60,60,60,0,1,2.8,2,6,1.686548085,0,1
0.2,0,0,0,0,0.8,0,1,0,0,0.000308,3.08E-05,1.00E-06,0.000205,6.77E-05,60,60,60,0,1,5.2,2,6,1.686548085,0,1
0.4,0,0,0,0,0.6,0,1,0,0,0.000341,3.41E-05,1.00E-06,0.000183,5.68E-05,60,60,60,0,1,4.4,2,6,2.065591118,0,1
0.6,0,0,0,0,0.4,0,1,0,0,0.000337,3.37E-05,1.00E-06,0.000185,5.71E-05,60,60,60,0,1,3.6,2,6,2.065591118,0,1
0.6,0,0,0,0,0.4,0,1,0,0,0.000274,2.74E-05,2.00E-06,0.000124,3.65E-05,60,60,60,0,1,3.6,2,6,2.065591118,0,1
0.6,0,0,0,0,0.4,0,1,0,0,0.000308,3.08E-05,4.00E-06,0.000135,4.03E-05,60,60,60,0,1,3.6,2,6,2.065591118,0,1
0.4,0,0,0,0,0.6,0,1,0,0,0.000345,3.45E-05,3.00E-06,0.000136,4.16E-05,60,60,60,0,1,4.4,2,6,2.065591118,0,1
0.4,0,0,0,0,0.6,0,1,0,0,0.000885,8.85E-05,1.00E-06,0.000728,0.000236808,60,60,60,0,1,4.4,2,6,2.065591118,0,1
1,0,0,0,0,0,0,1,0,0,0.000305,3.05E-05,2.30E-05,3.90E-05,5.28E-06,60,60,60,0,1,2,2,2,0,0,1
0,0,0,0,0,1,0,1,0,0,0.000256,2.56E-05,1.00E-06,0.000155,5.06E-05,60,60,60,0,1,6,6,6,0,0,1
0.5,0,0,0,0,0.5,0,1,0,0,1.00396,0.100396,2.00E-06,1.003632,0.334530336,60,60,60,0,1,4,2,6,2.108185107,0,1
0.6,0,0,0,0,0.4,0,1,0,0,0.000666,6.66E-05,3.00E-05,0.000186,6.23E-05,60,60,60,0,1,3.6,2,6,2.065591118,0,1
0.6,0,0,0,0,0.4,0,1,0,0,0.000448,4.48E-05,2.00E-06,0.000178,5.35E-05,60,60,60,0,1,3.6,2,6,2.065591118,0,1
0.3,0,0,0,0,0.7,0,1,0,0,0.000301,3.01E-05,1.00E-06,0.000135,4.26E-05,60,60,60,0,1,4.8,2,6,1.932183566,0,1
0.5,0,0,0,0,0.5,0,1,0,0,0.000529,5.29E-05,3.00E-06,0.000154,5.81E-05,60,60,60,0,1,4,2,6,2.108185107,0,1
0.6,0,0,0,0,0.4,0,1,0,0,0.000532,5.32E-05,2.00E-06,0.000152,5.77E-05,60,60,60,0,1,3.6,2,6,2.065591118,0,1
0.5,0,0,0,0,0.5,0,1,0,0,0.00077,7.70E-05,9.00E-06,0.000183,6.35E-05,60,60,60,0,1,4,2,6,2.108185107,0,1
0.4,0,0,0,0,0.6,0,1,0,0,0.000529,5.29E-05,2.00E-06,0.000156,6.01E-05,60,60,60,0,1,4.4,2,6,2.065591118,0,1
0.6,0,0,0,0,0.4,0,1,0,0,0.000546,5.46E-05,6.00E-06,0.000151,4.88E-05,60,60,60,0,1,3.6,2,6,2.065591118,0,1
0.4,0,0,0,0,0.6,0,1,0,0,0.00063,6.30E-05,5.00E-06,0.000185,6.15E-05,60,60,60,0,1,4.4,2,6,2.065591118,0,1
0.5,0,0,0,0,0.5,0,1,0,0,0.002796,0.0002796,2.00E-06,0.002398,0.000785013,60,60,60,0,1,4,2,6,2.108185107,0,1
0.5,0,0,0,0,0.5,0,1,0,0,0.000556,5.56E-05,2.00E-06,0.000151,4.74E-05,60,60,60,0,1,4,2,6,2.108185107,0,1
0.5,0,0,0,0,0.5,0,1,0,0,0.000568,5.68E-05,2.00E-06,0.000158,6.20E-05,60,60,60,0,1,4,2,6,2.108185107,0,1
0.5,0,0,0,0,0.5,0,1,0,0,0.000405,4.05E-05,4.00E-06,0.000124,3.87E-05,60,60,60,0,1,4,2,6,2.108185107,0,1
0.6,0,0,0,0,0.4,0,1,0,0,0.000555,5.55E-05,2.00E-06,0.000152,6.09E-05,60,60,60,0,1,3.6,2,6,2.065591118,0,1
0.4,0,0,0,0,0.6,0,1,0,0,0.000513,5.13E-05,2.00E-06,0.000165,6.83E-05,60,60,60,0,1,4.4,2,6,2.065591118,0,1
0.5,0,0,0,0,0.5,0,1,0,0,0.002875,0.0002875,5.00E-06,0.002395,0.000781628,60,60,60,0,1,4,2,6,2.108185107,0,1
0.6,0,0,0,0,0.4,0,1,0,0,0.000641,6.41E-05,3.30E-05,0.000186,5.08E-05,60,60,60,0,1,3.6,2,6,2.065591118,0,1
0.4,0,0,0,0,0.6,0,1,0,0,0.000592,5.92E-05,4.00E-06,0.000173,5.59E-05,60,60,60,0,1,4.4,2,6,2.065591118,0,1
0.5,0,0,0,0,0.5,0,1,0,0,0.00047,4.70E-05,3.00E-06,0.000142,4.44E-05,60,60,60,0,1,4,2,6,2.108185107,0,1
0.5,0,0,0,0,0.5,0,1,0,0,0.000487,4.87E-05,4.00E-06,0.000185,5.30E-05,60,60,60,0,1,4,2,6,2.108185107,0,1
0.6,0,0,0,0,0.4,0,1,0,0,0.000844,8.44E-05,3.00E-06,0.000256,7.67E-05,60,60,60,0,1,3.6,2,6,2.065591118,0,1
0.6,0,0,0,0,0.4,0,1,0,0,0.002895,0.0002895,3.00E-06,0.002428,0.000792187,60,60,60,0,1,3.6,2,6,2.065591118,0,1
0.4,0,0,0,0,0.6,0,1,0,0,0.000174,1.74E-05,1.00E-06,5.90E-05,1.93E-05,60,60,60,0,1,4.4,2,6,2.065591118,0,1
0.8,0,0,0,0,0.2,0,1,0,0,0.000407,4.07E-05,3.00E-06,0.000185,5.41E-05,60,60,60,0,1,2.8,2,6,1.686548085,0,1
0.2,0,0,0,0,0.8,0,1,0,0,0.000506,5.06E-05,2.00E-06,0.000254,8.11E-05,60,60,60,0,1,5.2,2,6,1.686548085,0,1
0.6,0,0,0,0,0.4,0,1,0,0,0.000307,3.07E-05,2.00E-06,0.0001,3.21E-05,60,60,60,0,1,3.6,2,6,2.065591118,0,1
0.6,0,0,0,0,0.4,0,1,0,0,0.000442,4.42E-05,1.00E-06,0.000272,8.59E-05,60,60,60,0,1,3.6,2,6,2.065591118,0,1
0.2,0,0,0,0,0.8,0,1,0,0,0.00063,6.30E-05,1.00E-06,0.000302,0.000105825,60,60,60,0,1,5.2,2,6,1.686548085,0,1
0.8,0,0,0,0,0.2,0,1,0,0,0.001291,0.0001291,2.50E-05,0.00067,0.000206093,60,60,60,0,1,2.8,2,6,1.686548085,0,1
0.4,0,0,0,0,0.6,0,1,0,0,0.000161,1.61E-05,2.00E-06,5.30E-05,1.97E-05,60,60,60,0,1,4.4,2,6,2.065591118,0,1
0.5,0,0,0,0,0.5,0,1,0,0,0.00078,7.80E-05,5.00E-06,0.000281,8.15E-05,60,60,60,0,1,4,2,6,2.108185107,0,1
0.4,0,0,0,0,0.6,0,1,0,0,0.000483,4.83E-05,2.00E-06,0.000162,6.28E-05,60,60,60,0,1,4.4,2,6,2.065591118,0,1
0.6,0,0,0,0,0.4,0,1,0,0,0.000571,5.71E-05,6.00E-06,0.000163,4.91E-05,60,60,60,0,1,3.6,2,6,2.065591118,0,1
0.4,0,0,0,0,0.6,0,1,0,0,0.000534,5.34E-05,2.00E-06,0.000211,6.92E-05,60,60,60,0,1,4.4,2,6,2.065591118,0,1
0.4,0,0,0,0,0.6,0,1,0,0,0.003367,0.0003367,2.00E-06,0.003156,0.001043571,60,60,60,0,1,4.4,2,6,2.065591118,0,1
0.7,0,0,0,0,0.3,0,1,0,0,0.000258,2.58E-05,4.00E-06,5.80E-05,1.44E-05,60,60,60,0,1,3.2,2,6,1.932183566,0,1
0.5,0,0,0,0,0.5,0,1,0,0,0.00048,4.80E-05,1.00E-06,0.00019,6.63E-05,60,60,60,0,1,4,2,6,2.108185107,0,1
0.4,0,0,0,0,0.6,0,1,0,0,0.000385,3.85E-05,1.00E-06,0.000204,6.46E-05,60,60,60,0,1,4.4,2,6,2.065591118,0,1
0.5,0,0,0,0,0.5,0,1,0,0,0.000323,3.23E-05,1.00E-06,0.000218,6.92E-05,60,60,60,0,1,4,2,6,2.108185107,0,1
0.7,0,0,0,0,0.3,0,1,0,0,0.000363,3.63E-05,1.00E-06,0.00019,5.76E-05,60,60,60,0,1,3.2,2,6,1.932183566,0,1
0.2,0,0,0,0,0.8,0,1,0,0,0.000371,3.71E-05,1.00E-06,0.00017,5.67E-05,60,60,60,0,1,5.2,2,6,1.686548085,0,1
0.6,0,0,0,0,0.4,0,1,0,0,0.003282,0.0003282,2.00E-06,0.001772,0.000645735,60,60,60,0,1,3.6,2,6,2.065591118,0,1
0.4,0,0,0,0,0.6,0,1,0,0,0.000232,2.32E-05,1.00E-06,6.50E-05,2.54E-05,60,60,60,0,1,4.4,2,6,2.065591118,0,1
0.6,0,0,0,0,0.4,0,1,0,0,0.0002,2.00E-05,1.00E-06,6.20E-05,1.97E-05,60,60,60,0,1,3.6,2,6,2.065591118,0,1
0.4,0,0,0,0,0.6,0,1,0,0,0.00039,3.90E-05,5.00E-06,8.90E-05,3.34E-05,60,60,60,0,1,4.4,2,6,2.065591118,0,1
0.6,0,0,0,0,0.4,0,1,0,0,0.000256,2.56E-05,2.00E-06,7.80E-05,2.48E-05,60,60,60,0,1,3.6,2,6,2.065591118,0,1
0.6,0,0,0,0,0.4,0,1,0,0,0.000398,3.98E-05,4.00E-06,0.000176,5.41E-05,60,60,60,0,1,3.6,2,6,2.065591118,0,1
0.4,0,0,0,0,0.6,0,1,0,0,0.000378,3.78E-05,1.00E-06,0.000186,6.00E-05,60,60,60,0,1,4.4,2,6,2.065591118,0,1
0.4,0,0,0,0,0.6,0,1,0,0,0.003542,0.0003542,8.00E-06,0.001217,0.000482129,60,60,60,0,1,4.4,2,6,2.065591118,0,1
0.5,0,0,0,0,0.5,0,1,0,0,0.00031,3.10E-05,4.00E-06,5.90E-05,2.05E-05,60,60,60,0,1,4,2,6,2.108185107,0,1
0.6,0,0,0,0,0.4,0,1,0,0,0.000428,4.28E-05,7.00E-06,0.00018,5.29E-05,60,60,60,0,1,3.6,2,6,2.065591118,0,1
0.6,0,0,0,0,0.4,0,1,0,0,0.000325,3.25E-05,2.00E-06,0.000165,4.98E-05,60,60,60,0,1,3.6,2,6,2.065591118,0,1
0.5,0,0,0,0,0.5,0,1,0,0,0.000338,3.38E-05,1.00E-06,0.000164,5.10E-05,60,60,60,0,1,4,2,6,2.108185107,0,1
0.4,0,0,0,0,0.6,0,1,0,0,0.000473,4.73E-05,2.00E-06,0.000172,6.38E-05,60,60,60,0,1,4.4,2,6,2.065591118,0,1
0.4,0,0,0,0,0.6,0,1,0,0,0.000348,3.48E-05,3.00E-06,0.000153,4.75E-05,60,60,60,0,1,4.4,2,6,2.065591118,0,1
0.5,0,0,0,0,0.5,0,1,0,0,0.000195,1.95E-05,2.00E-06,5.60E-05,1.81E-05,60,60,60,0,1,4,2,6,2.108185107,0,1
0.7,0,0,0,0,0.3,0,1,0,0,0.002628,0.0002628,5.00E-06,0.001827,0.000604715,60,60,60,0,1,3.2,2,6,1.932183566,0,1
0.6,0,0,0,0,0.4,0,1,0,0,0.000341,3.41E-05,2.00E-06,0.000125,3.92E-05,60,60,60,0,1,3.6,2,6,2.065591118,0,1
0.4,0,0,0,0,0.6,0,1,0,0,0.000331,3.31E-05,1.00E-06,0.000179,5.63E-05,60,60,60,0,1,4.4,2,6,2.065591118,0,1
0.4,0,0,0,0,0.6,0,1,0,0,0.0003,3.00E-05,1.00E-06,0.00014,4.45E-05,60,60,60,0,1,4.4,2,6,2.065591118,0,1
0.4,0,0,0,0,0.6,0,1,0,0,0.000215,2.15E-05,1.00E-06,7.20E-05,2.53E-05,60,60,60,0,1,4.4,2,6,2.065591118,0,1
0.6,0,0,0,0,0.4,0,1,0,0,0.000511,5.11E-05,3.00E-06,0.000203,6.13E-05,60,60,60,0,1,3.6,2,6,2.065591118,0,1
0.6,0,0,0,0,0.4,0,1,0,0,0.000435,4.35E-05,4.00E-06,0.000161,4.68E-05,60,60,60,0,1,3.6,2,6,2.065591118,0,1
0.4,0,0,0,0,0.6,0,1,0,0,0.002747,0.0002747,5.00E-06,0.001287,0.000538217,60,60,60,0,1,4.4,2,6,2.065591118,0,1
0.4,0,0,0,0,0.6,0,1,0,0,0.00045,4.50E-05,1.00E-06,0.000238,7.71E-05,60,60,60,0,1,4.4,2,6,2.065591118,0,1
0.6,0,0,0,0,0.4,0,1,0,0,0.000431,4.31E-05,1.00E-06,0.000218,6.85E-05,60,60,60,0,1,3.6,2,6,2.065591118,0,1
0.5,0,0,0,0,0.5,0,1,0,0,0.000247,2.47E-05,2.00E-06,5.80E-05,1.97E-05,60,60,60,0,1,4,2,6,2.108185107,0,1
0.7,0,0,0,0,0.3,0,1,0,0,0.000458,4.58E-05,4.00E-06,0.000194,5.74E-05,60,60,60,0,1,3.2,2,6,1.932183566,0,1
0.2,0,0,0,0,0.8,0,1,0,0,0.000356,3.56E-05,1.00E-06,0.000142,5.69E-05,60,60,60,0,1,5.2,2,6,1.686548085,0,1
0.5,0,0,0,0,0.5,0,1,0,0,0.000203,2.03E-05,1.00E-06,5.70E-05,1.86E-05,60,60,60,0,1,4,2,6,2.108185107,0,1
0.6,0,0,0,0,0.4,0,1,0,0,0.000458,4.58E-05,2.00E-06,0.000262,8.04E-05,60,60,60,0,1,3.6,2,6,2.065591118,0,1
0.7,0,0,0,0,0.3,0,1,0,0,0.003279,0.0003279,8.00E-06,0.001467,0.000621622,60,60,60,0,1,3.2,2,6,1.932183566,0,1
0.4,0,0,0,0,0.6,0,1,0,0,0.000332,3.32E-05,1.00E-06,0.00016,5.12E-05,60,60,60,0,1,4.4,2,6,2.065591118,0,1
0.4,0,0,0,0,0.6,0,1,0,0,0.000444,4.44E-05,1.00E-06,0.000184,7.39E-05,60,60,60,0,1,4.4,2,6,2.065591118,0,1
0.4,0,0,0,0,0.6,0,1,0,0,0.000159,1.59E-05,1.00E-06,5.40E-05,1.75E-05,60,60,60,0,1,4.4,2,6,2.065591118,0,1
0.6,0,0,0,0,0.4,0,1,0,0,0.000277,2.77E-05,3.00E-06,7.10E-05,2.22E-05,60,60,60,0,1,3.6,2,6,2.065591118,0,1
0.6,0,0,0,0,0.4,0,1,0,0,0.000353,3.53E-05,2.00E-06,0.00019,5.79E-05,60,60,60,0,1,3.6,2,6,2.065591118,0,1
0.4,0,0,0,0,0.6,0,1,0,0,0.000451,4.51E-05,1.00E-06,0.000173,5.71E-05,60,60,60,0,1,4.4,2,6,2.065591118,0,1
0.4,0,0,0,0,0.6,0,1,0,0,0.000401,4.01E-05,4.00E-06,0.000177,5.34E-05,60,60,60,0,1,4.4,2,6,2.065591118,0,1
0.5,0,0,0,0,0.5,0,1,0,0,0.000177,1.77E-05,6.00E-06,3.80E-05,1.49E-05,57,54,60,3.16227766,1,1,0,2,1.054092553,0,1
0.5,0,0,0,0,0.5,0,1,0,0,0.000094,9.40E-06,3.00E-06,2.60E-05,8.25E-06,57,54,60,3.16227766,1,1,0,2,1.054092553,0,1
0.5,0,0,0,0,0.5,0,1,0,0,0.000159,1.59E-05,5.00E-06,3.70E-05,1.39E-05,57,54,60,3.16227766,1,1,0,2,1.054092553,0,1
0.5,0,0,0,0,0.5,0,1,0,0,0.000092,9.20E-06,2.00E-06,2.40E-05,8.96E-06,57,54,60,3.16227766,1,1,0,2,1.054092553,0,1
0.5,0,0,0,0,0.5,0,1,0,0,0.000138,1.38E-05,2.00E-06,7.40E-05,2.30E-05,57,54,60,3.16227766,1,1,0,2,1.054092553,0,1
0.5,0,0,0,0,0.5,0,1,0,0,0.000154,1.54E-05,4.00E-06,3.90E-05,1.34E-05,57,54,60,3.16227766,1,1,0,2,1.054092553,0,1
0.5,0,0,0,0,0.5,0,1,0,0,0.000205,2.05E-05,5.00E-06,8.10E-05,2.44E-05,57,54,60,3.16227766,1,1,0,2,1.054092553,0,1
0.5,0,0,0,0,0.5,0,1,0,0,0.000191,1.91E-05,6.00E-06,4.00E-05,1.43E-05,57,54,60,3.16227766,1,1,0,2,1.054092553,0,0
0.5,0,0,0,0,0.5,0,1,0,0,0.000174,1.74E-05,6.00E-06,3.80E-05,1.50E-05,57,54,60,3.16227766,1,1,0,2,1.054092553,0,0
0.5,0,0,0,0,0.5,0,1,0,0,0.000125,1.25E-05,3.00E-06,3.60E-05,1.16E-05,57,54,60,3.16227766,1,1,0,2,1.054092553,0,0
0.5,0,0,0,0,0.5,0,1,0,0,0.000077,7.70E-06,3.00E-06,1.70E-05,6.42E-06,57,54,60,3.16227766,1,1,0,2,1.054092553,0,0
0.5,0,0,0,0,0.5,0,1,0,0,0.000078,7.80E-06,3.00E-06,1.70E-05,6.78E-06,57,54,60,3.16227766,1,1,0,2,1.054092553,0,0
0.5,0,0,0,0,0.5,0,1,0,0,0.000091,9.10E-06,3.00E-06,2.10E-05,7.27E-06,57,54,60,3.16227766,1,1,0,2,1.054092553,0,0
0.5,0,0,0,0,0.5,0,1,0,0,0.000181,1.81E-05,6.00E-06,3.70E-05,1.49E-05,57,54,60,3.16227766,1,1,0,2,1.054092553,0,0
0.5,0,0,0,0,0.5,0,1,0,0,0.000105,1.05E-05,3.00E-06,3.00E-05,9.67E-06,57,54,60,3.16227766,1,1,0,2,1.054092553,0,0
0.5,0,0,0,0,0.5,0,1,0,0,0.000077,7.70E-06,2.00E-06,1.70E-05,6.88E-06,57,54,60,3.16227766,1,1,0,2,1.054092553,0,0
0.5,0,0,0,0,0.5,0,1,0,0,0.00034,3.40E-05,3.00E-06,0.000253,8.13E-05,57,54,60,3.16227766,1,1,0,2,1.054092553,0,0
0.5,0,0,0,0,0.5,0,1,0,0,0.000081,8.10E-06,2.00E-06,1.90E-05,7.47E-06,57,54,60,3.16227766,1,1,0,2,1.054092553,0,0
0.5,0,0,0,0,0.5,0,1,0,0,0.000238,2.38E-05,2.00E-06,0.000118,3.65E-05,57,54,60,3.16227766,1,1,0,2,1.054092553,0,0
0.5,0,0,0,0,0.5,0,1,0,0,0.000182,1.82E-05,3.00E-06,7.30E-05,2.34E-05,57,54,60,3.16227766,1,1,0,2,1.054092553,0,0
0.5,0,0,0,0,0.5,0,1,0,0,0.000142,1.42E-05,3.00E-06,4.00E-05,1.39E-05,57,54,60,3.16227766,1,1,0,2,1.054092553,0,0
0.5,0,0,0,0,0.5,0,1,0,0,0.000153,1.53E-05,3.00E-06,5.30E-05,1.61E-05,57,54,60,3.16227766,1,1,0,2,1.054092553,0,0
0.5,0,0,0,0,0.5,0,1,0,0,0.000088,8.80E-06,3.00E-06,2.40E-05,8.23E-06,57,54,60,3.16227766,1,1,0,2,1.054092553,0,0
0.5,0,0,0,0,0.5,0,1,0,0,0.000227,2.27E-05,2.00E-06,0.000164,5.24E-05,57,54,60,3.16227766,1,1,0,2,1.054092553,0,0
0.5,0,0,0,0,0.5,0,1,0,0,0.000084,8.40E-06,2.00E-06,2.30E-05,8.11E-06,57,54,60,3.16227766,1,1,0,2,1.054092553,0,0
0.5,0,0,0,0,0.5,0,1,0,0,0.000175,1.75E-05,3.00E-06,7.00E-05,2.32E-05,57,54,60,3.16227766,1,1,0,2,1.054092553,0,0
0.5,0,0,0,0,0.5,0,1,0,0,0.000176,1.76E-05,2.00E-06,7.80E-05,2.50E-05,57,54,60,3.16227766,1,1,0,2,1.054092553,0,0
0.5,0,0,0,0,0.5,0,1,0,0,0.00015,1.50E-05,3.00E-06,7.00E-05,2.18E-05,57,54,60,3.16227766,1,1,0,2,1.054092553,0,0
0.5,0,0,0,0,0.5,0,1,0,0,0.000141,1.41E-05,3.00E-06,7.50E-05,2.32E-05,57,54,60,3.16227766,1,1,0,2,1.054092553,0,0
0.5,0,0,0,0,0.5,0,1,0,0,0.000177,1.77E-05,6.00E-06,3.80E-05,1.49E-05,57,54,60,3.16227766,1,1,0,2,1.054092553,0,0
0.5,0,0,0,0,0.5,0,1,0,0,0.000094,9.40E-06,3.00E-06,2.60E-05,8.25E-06,57,54,60,3.16227766,1,1,0,2,1.054092553,0,0
0.5,0,0,0,0,0.5,0,1,0,0,0.000159,1.59E-05,5.00E-06,3.70E-05,1.39E-05,57,54,60,3.16227766,1,1,0,2,1.054092553,0,0
0.5,0,0,0,0,0.5,0,1,0,0,0.000092,9.20E-06,2.00E-06,2.40E-05,8.96E-06,57,54,60,3.16227766,1,1,0,2,1.054092553,0,0
0.5,0,0,0,0,0.5,0,1,0,0,0.000138,1.38E-05,2.00E-06,7.40E-05,2.30E-05,57,54,60,3.16227766,1,1,0,2,1.054092553,0,0
0.5,0,0,0,0,0.5,0,1,0,0,0.000154,1.54E-05,4.00E-06,3.90E-05,1.34E-05,57,54,60,3.16227766,1,1,0,2,1.054092553,0,0
0.5,0,0,0,0,0.5,0,1,0,0,0.000205,2.05E-05,5.00E-06,8.10E-05,2.44E-05,57,54,60,3.16227766,1,1,0,2,1.054092553,0,0
0.5,0,0,0,0,0.5,0,1,0,0,0.000537,5.37E-05,3.00E-06,0.000454,0.000148063,57,54,60,3.16227766,1,1,0,2,1.054092553,0,0
0.5,0,0,0,0,0.5,0,1,0,0,0.00017,1.70E-05,6.00E-06,4.00E-05,1.53E-05,57,54,60,3.16227766,1,1,0,2,1.054092553,0,0
0.5,0,0,0,0,0.5,0,1,0,0,0.000167,1.67E-05,5.00E-06,3.60E-05,1.50E-05,57,54,60,3.16227766,1,1,0,2,1.054092553,0,0
0.5,0,0,0,0,0.5,0,1,0,0,0.000156,1.56E-05,5.00E-06,3.30E-05,1.36E-05,57,54,60,3.16227766,1,1,0,2,1.054092553,0,0
0.5,0,0,0,0,0.5,0,1,0,0,0.00015,1.50E-05,5.00E-06,5.00E-05,1.54E-05,57,54,60,3.16227766,1,1,0,2,1.054092553,0,0
0.5,0,0,0,0,0.5,0,1,0,0,0.001178,0.0001178,3.00E-06,0.001061,0.000348959,57,54,60,3.16227766,1,1,0,2,1.054092553,0,0
0.5,0,0,0,0,0.5,0,1,0,0,0.00014,1.40E-05,5.00E-06,3.00E-05,1.19E-05,57,54,60,3.16227766,1,1,0,2,1.054092553,0,0
0.5,0,0,0,0,0.5,0,1,0,0,0.000079,7.90E-06,2.00E-06,1.70E-05,6.89E-06,57,54,60,3.16227766,1,1,0,2,1.054092553,0,0
0.5,0,0,0,0,0.5,0,1,0,0,0.000125,1.25E-05,3.00E-06,3.90E-05,1.34E-05,57,54,60,3.16227766,1,1,0,2,1.054092553,0,0
0.5,0,0,0,0,0.5,0,1,0,0,0.000125,1.25E-05,3.00E-06,3.30E-05,1.15E-05,57,54,60,3.16227766,1,1,0,2,1.054092553,0,0
0.5,0,0,0,0,0.5,0,1,0,0,0.000072,7.20E-06,2.00E-06,1.60E-05,6.22E-06,57,54,60,3.16227766,1,1,0,2,1.054092553,0,0
0.5,0,0,0,0,0.5,0,1,0,0,0.000099,9.90E-06,2.00E-06,3.20E-05,1.04E-05,57,54,60,3.16227766,1,1,0,2,1.054092553,0,0
0.5,0,0,0,0,0.5,0,1,0,0,0.000132,1.32E-05,3.00E-06,3.50E-05,1.16E-05,57,54,60,3.16227766,1,1,0,2,1.054092553,0,0
0.5,0,0,0,0,0.5,0,1,0,0,0.000392,3.92E-05,6.00E-06,0.000231,7.22E-05,57,54,60,3.16227766,1,1,0,2,1.054092553,0,0
0.5,0,0,0,0,0.5,0,1,0,0,0.000136,1.36E-05,3.00E-06,3.40E-05,1.27E-05,57,54,60,3.16227766,1,1,0,2,1.054092553,0,0
0.5,0,0,0,0,0.5,0,1,0,0,0.000183,1.83E-05,5.00E-06,4.00E-05,1.50E-05,57,54,60,3.16227766,1,1,0,2,1.054092553,0,0
0.5,0,0,0,0,0.5,0,1,0,0,0.000173,1.73E-05,5.00E-06,4.00E-05,1.56E-05,57,54,60,3.16227766,1,1,0,2,1.054092553,0,0
0.5,0,0,0,0,0.5,0,1,0,0,0.000154,1.54E-05,5.00E-06,3.60E-05,1.34E-05,57,54,60,3.16227766,1,1,0,2,1.054092553,0,0
0.5,0,0,0,0,0.5,0,1,0,0,0.000081,8.10E-06,2.00E-06,2.00E-05,7.75E-06,57,54,60,3.16227766,1,1,0,2,1.054092553,0,0
0.5,0,0,0,0,0.5,0,1,0,0,0.000075,7.50E-06,3.00E-06,1.70E-05,6.40E-06,57,54,60,3.16227766,1,1,0,2,1.054092553,0,0
0.5,0,0,0,0,0.5,0,1,0,0,0.000079,7.90E-06,3.00E-06,1.60E-05,6.85E-06,57,54,60,3.16227766,1,1,0,2,1.054092553,0,0
0.5,0,0,0,0,0.5,0,1,0,0,0.000155,1.55E-05,3.00E-06,8.50E-05,2.66E-05,57,54,60,3.16227766,1,1,0,2,1.054092553,0,0
0.5,0,0,0,0,0.5,0,1,0,0,0.000179,1.79E-05,3.00E-06,6.90E-05,2.26E-05,57,54,60,3.16227766,1,1,0,2,1.054092553,0,0
0.5,0,0,0,0,0.5,0,1,0,0,0.000174,1.74E-05,6.00E-06,4.00E-05,1.50E-05,57,54,60,3.16227766,1,1,0,2,1.054092553,0,0
0.5,0,0,0,0,0.5,0,1,0,0,0.000076,7.60E-06,2.00E-06,1.80E-05,6.62E-06,57,54,60,3.16227766,1,1,0,2,1.054092553,0,0
0.5,0,0,0,0,0.5,0,1,0,0,0.000159,1.59E-05,6.00E-06,3.50E-05,1.37E-05,57,54,60,3.16227766,1,1,0,2,1.054092553,0,0
0.5,0,0,0,0,0.5,0,1,0,0,0.000174,1.74E-05,5.00E-06,3.90E-05,1.53E-05,57,54,60,3.16227766,1,1,0,2,1.054092553,0,0
0.5,0,0,0,0,0.5,0,1,0,0,0.000175,1.75E-05,6.00E-06,4.10E-05,1.52E-05,57,54,60,3.16227766,1,1,0,2,1.054092553,0,0
0.5,0,0,0,0,0.5,0,1,0,0,0.000184,1.84E-05,6.00E-06,4.90E-05,1.67E-05,57,54,60,3.16227766,1,1,0,2,1.054092553,0,0
0.5,0,0,0,0,0.5,0,1,0,0,0.000175,1.75E-05,6.00E-06,3.90E-05,1.57E-05,57,54,60,3.16227766,1,1,0,2,1.054092553,0,0
0.5,0,0,0,0,0.5,0,1,0,0,0.000161,1.61E-05,6.00E-06,3.90E-05,1.43E-05,57,54,60,3.16227766,1,1,0,2,1.054092553,0,0
0.5,0,0,0,0,0.5,0,1,0,0,0.000096,9.60E-06,2.00E-06,2.70E-05,9.12E-06,57,54,60,3.16227766,1,1,0,2,1.054092553,0,0
0.5,0,0,0,0,0.5,0,1,0,0,0.000072,7.20E-06,2.00E-06,1.60E-05,6.26E-06,57,54,60,3.16227766,1,1,0,2,1.054092553,0,0
0.5,0,0,0,0,0.5,0,1,0,0,0.000073,7.30E-06,3.00E-06,1.60E-05,6.15E-06,57,54,60,3.16227766,1,1,0,2,1.054092553,0,0
0.5,0,0,0,0,0.5,0,1,0,0,0.000078,7.80E-06,2.00E-06,1.90E-05,7.12E-06,57,54,60,3.16227766,1,1,0,2,1.054092553,0,0
0.5,0,0,0,0,0.5,0,1,0,0,0.000166,1.66E-05,5.00E-06,4.00E-05,1.46E-05,57,54,60,3.16227766,1,1,0,2,1.054092553,0,0
0.5,0,0,0,0,0.5,0,1,0,0,0.000184,1.84E-05,3.00E-06,7.50E-05,2.43E-05,57,54,60,3.16227766,1,1,0,2,1.054092553,0,0
0.5,0,0,0,0,0.5,0,1,0,0,0.000161,1.61E-05,6.00E-06,3.60E-05,1.40E-05,57,54,60,3.16227766,1,1,0,2,1.054092553,0,0
0.5,0,0,0,0,0.5,0,1,0,0,0.000177,1.77E-05,5.00E-06,5.00E-05,1.70E-05,57,54,60,3.16227766,1,1,0,2,1.054092553,0,0
0.5,0,0,0,0,0.5,0,1,0,0,0.000177,1.77E-05,6.00E-06,4.20E-05,1.51E-05,57,54,60,3.16227766,1,1,0,2,1.054092553,0,0
0.5,0,0,0,0,0.5,0,1,0,0,0.000178,1.78E-05,6.00E-06,4.00E-05,1.53E-05,57,54,60,3.16227766,1,1,0,2,1.054092553,0,0
0.5,0,0,0,0,0.5,0,1,0,0,0.000183,1.83E-05,5.00E-06,5.80E-05,1.89E-05,57,54,60,3.16227766,1,1,0,2,1.054092553,0,0
0.5,0,0,0,0,0.5,0,1,0,0,0.000123,1.23E-05,3.00E-06,3.30E-05,1.08E-05,57,54,60,3.16227766,1,1,0,2,1.054092553,0,0
0.5,0,0,0,0,0.5,0,1,0,0,0.00016,1.60E-05,6.00E-06,3.30E-05,1.37E-05,57,54,60,3.16227766,1,1,0,2,1.054092553,0,0
0.5,0,0,0,0,0.5,0,1,0,0,0.000164,1.64E-05,4.00E-06,4.80E-05,1.61E-05,57,54,60,3.16227766,1,1,0,2,1.054092553,0,0
0.5,0,0,0,0,0.5,0,1,0,0,0.000132,1.32E-05,3.00E-06,3.20E-05,1.21E-05,57,54,60,3.16227766,1,1,0,2,1.054092553,0,0
0.5,0,0,0,0,0.5,0,1,0,0,0.000078,7.80E-06,3.00E-06,1.70E-05,6.82E-06,57,54,60,3.16227766,1,1,0,2,1.054092553,0,0
0.5,0,0,0,0,0.5,0,1,0,0,0.000131,1.31E-05,3.00E-06,3.50E-05,1.19E-05,57,54,60,3.16227766,1,1,0,2,1.054092553,0,0
0.5,0,0,0,0,0.5,0,1,0,0,0.000194,1.94E-05,3.00E-06,6.80E-05,2.17E-05,57,54,60,3.16227766,1,1,0,2,1.054092553,0,0
0.5,0,0,0,0,0.5,0,1,0,0,0.000246,2.46E-05,5.00E-06,0.000138,4.29E-05,57,54,60,3.16227766,1,1,0,2,1.054092553,0,0
0.5,0,0,0,0,0.5,0,1,0,0,0.000249,2.49E-05,5.00E-06,0.000121,3.73E-05,57,54,60,3.16227766,1,1,0,2,1.054092553,0,0
0.5,0,0,0,0,0.5,0,1,0,0,0.000461,4.61E-05,2.00E-06,0.000357,0.000115219,57,54,60,3.16227766,1,1,0,2,1.054092553,0,0
0.5,0,0,0,0,0.5,0,1,0,0,0.000075,7.50E-06,2.00E-06,2.10E-05,7.48E-06,57,54,60,3.16227766,1,1,0,2,1.054092553,0,0
0.5,0,0,0,0,0.5,0,1,0,0,0.000193,1.93E-05,4.00E-06,9.20E-05,2.86E-05,57,54,60,3.16227766,1,1,0,2,1.054092553,0,0
0.5,0,0,0,0,0.5,0,1,0,0,0.002332,0.0002332,3.00E-06,0.002227,0.00073802,57,54,60,3.16227766,1,1,0,2,1.054092553,0,0
0.5,0,0,0,0,0.5,0,1,0,0,0.000199,1.99E-05,3.00E-06,0.000118,3.67E-05,57,54,60,3.16227766,1,1,0,2,1.054092553,0,0
0.5,0,0,0,0,0.5,0,1,0,0,0.000099,9.90E-06,2.00E-06,4.30E-05,1.30E-05,57,54,60,3.16227766,1,1,0,2,1.054092553,0,0
0.5,0,0,0,0,0.5,0,1,0,0,0.000197,1.97E-05,2.00E-06,7.70E-05,2.47E-05,57,54,60,3.16227766,1,1,0,2,1.054092553,0,0
0.5,0,0,0,0,0.5,0,1,0,0,0.000186,1.86E-05,3.00E-06,8.70E-05,2.82E-05,57,54,60,3.16227766,1,1,0,2,1.054092553,0,0
0.5,0,0,0,0,0.5,0,1,0,0,0.000127,1.27E-05,4.00E-06,3.50E-05,1.17E-05,57,54,60,3.16227766,1,1,0,2,1.054092553,0,0
0.5,0,0,0,0,0.5,0,1,0,0,0.000125,1.25E-05,5.00E-06,3.30E-05,1.10E-05,57,54,60,3.16227766,1,1,0,2,1.054092553,0,0
0.5,0,0,0,0,0.5,0,1,0,0,0.000174,1.74E-05,6.00E-06,5.60E-05,1.84E-05,57,54,60,3.16227766,1,1,0,2,1.054092553,0,0
0.5,0,0,0,0,0.5,0,1,0,0,0.000141,1.41E-05,5.00E-06,3.80E-05,1.29E-05,57,54,60,3.16227766,1,1,0,2,1.054092553,0,0
0.5,0,0,0,0,0.5,0,1,0,0,0.000133,1.33E-05,5.00E-06,3.60E-05,1.19E-05,57,54,60,3.16227766,1,1,0,2,1.054092553,0,0
0.5,0,0,0,0,0.5,0,1,0,0,0.000115,1.15E-05,3.00E-06,3.80E-05,1.23E-05,57,54,60,3.16227766,1,1,0,2,1.054092553,0,0
0.5,0,0,0,0,0.5,0,1,0,0,0.000139,1.39E-05,5.00E-06,3.60E-05,1.23E-05,57,54,60,3.16227766,1,1,0,2,1.054092553,0,0
0.5,0,0,0,0,0.5,0,1,0,0,0.000132,1.32E-05,5.00E-06,3.20E-05,1.10E-05,57,54,60,3.16227766,1,1,0,2,1.054092553,0,0
0.5,0,0,0,0,0.5,0,1,0,0,0.000146,1.46E-05,5.00E-06,4.20E-05,1.47E-05,57,54,60,3.16227766,1,1,0,2,1.054092553,0,0
0.5,0,0,0,0,0.5,0,1,0,0,0.00015,1.50E-05,5.00E-06,5.30E-05,1.64E-05,57,54,60,3.16227766,1,1,0,2,1.054092553,0,0
0.5,0,0,0,0,0.5,0,1,0,0,0.00015,1.50E-05,6.00E-06,4.60E-05,1.55E-05,57,54,60,3.16227766,1,1,0,2,1.054092553,0,0
0.5,0,0,0,0,0.5,0,1,0,0,0.000143,1.43E-05,5.00E-06,4.00E-05,1.42E-05,57,54,60,3.16227766,1,1,0,2,1.054092553,0,0
0.5,0,0,0,0,0.5,0,1,0,0,0.000143,1.43E-05,5.00E-06,4.60E-05,1.48E-05,57,54,60,3.16227766,1,1,0,2,1.054092553,0,0
0.5,0,0,0,0,0.5,0,1,0,0,0.000137,1.37E-05,5.00E-06,3.10E-05,1.16E-05,57,54,60,3.16227766,1,1,0,2,1.054092553,0,0
0.5,0,0,0,0,0.5,0,1,0,0,0.000144,1.44E-05,6.00E-06,3.90E-05,1.34E-05,57,54,60,3.16227766,1,1,0,2,1.054092553,0,0
0.5,0,0,0,0,0.5,0,1,0,0,0.000146,1.46E-05,4.00E-06,4.80E-05,1.59E-05,57,54,60,3.16227766,1,1,0,2,1.054092553,0,0
0.5,0,0,0,0,0.5,0,1,0,0,0.000088,8.80E-06,2.00E-06,2.30E-05,8.11E-06,57,54,60,3.16227766,1,1,0,2,1.054092553,0,0
0.5,0,0,0,0,0.5,0,1,0,0,0.000261,2.61E-05,2.00E-06,0.000199,6.41E-05,57,54,60,3.16227766,1,1,0,2,1.054092553,0,0
0.5,0,0,0,0,0.5,0,1,0,0,0.000274,2.74E-05,2.00E-06,0.000191,6.08E-05,57,54,60,3.16227766,1,1,0,2,1.054092553,0,0
0.5,0,0,0,0,0.5,0,1,0,0,0.000075,7.50E-06,2.00E-06,1.80E-05,7.43E-06,57,54,60,3.16227766,1,1,0,2,1.054092553,0,0
0.5,0,0,0,0,0.5,0,1,0,0,0.000082,8.20E-06,2.00E-06,2.40E-05,8.39E-06,57,54,60,3.16227766,1,1,0,2,1.054092553,0,0
0.5,0,0,0,0,0.5,0,1,0,0,0.000106,1.06E-05,2.00E-06,2.70E-05,1.06E-05,57,54,60,3.16227766,1,1,0,2,1.054092553,0,0
0.5,0,0,0,0,0.5,0,1,0,0,0.000136,1.36E-05,2.00E-06,8.50E-05,2.67E-05,57,54,60,3.16227766,1,1,0,2,1.054092553,0,0
0.5,0,0,0,0,0.5,0,1,0,0,0.000095,9.50E-06,2.00E-06,3.40E-05,1.07E-05,57,54,60,3.16227766,1,1,0,2,1.054092553,0,0
0.5,0,0,0,0,0.5,0,1,0,0,0.00013,1.30E-05,3.00E-06,3.80E-05,1.29E-05,57,54,60,3.16227766,1,1,0,2,1.054092553,0,0
0.5,0,0,0,0,0.5,0,1,0,0,0.000079,7.90E-06,2.00E-06,2.50E-05,8.00E-06,57,54,60,3.16227766,1,1,0,2,1.054092553,0,0
0.5,0,0,0,0,0.5,0,1,0,0,0.000127,1.27E-05,2.00E-06,3.60E-05,1.31E-05,57,54,60,3.16227766,1,1,0,2,1.054092553,0,0
0.5,0,0,0,0,0.5,0,1,0,0,0.000112,1.12E-05,3.00E-06,3.60E-05,1.18E-05,57,54,60,3.16227766,1,1,0,2,1.054092553,0,0
0.5,0,0,0,0,0.5,0,1,0,0,0.000064,6.40E-06,2.00E-06,1.90E-05,6.11E-06,57,54,60,3.16227766,1,1,0,2,1.054092553,0,0
0.5,0,0,0,0,0.5,0,1,0,0,0.000121,1.21E-05,2.00E-06,3.00E-05,9.61E-06,57,54,60,3.16227766,1,1,0,2,1.054092553,0,0
0.5,0,0,0,0,0.5,0,1,0,0,0.000083,8.30E-06,2.00E-06,2.20E-05,7.92E-06,57,54,60,3.16227766,1,1,0,2,1.054092553,0,0
0.5,0,0,0,0,0.5,0,1,0,0,0.000167,1.67E-05,2.00E-06,8.40E-05,2.68E-05,57,54,60,3.16227766,1,1,0,2,1.054092553,0,0
0.5,0,0,0,0,0.5,0,1,0,0,0.000101,1.01E-05,2.00E-06,2.40E-05,8.83E-06,57,54,60,3.16227766,1,1,0,2,1.054092553,0,0
0.5,0,0,0,0,0.5,0,1,0,0,0.000135,1.35E-05,2.00E-06,8.30E-05,2.60E-05,57,54,60,3.16227766,1,1,0,2,1.054092553,0,0
0.5,0,0,0,0,0.5,0,1,0,0,0.000107,1.07E-05,3.00E-06,2.80E-05,9.61E-06,57,54,60,3.16227766,1,1,0,2,1.054092553,0,0
0.5,0,0,0,0,0.5,0,1,0,0,0.000168,1.68E-05,2.00E-06,8.40E-05,2.67E-05,57,54,60,3.16227766,1,1,0,2,1.054092553,0,0
0.5,0,0,0,0,0.5,0,1,0,0,0.000089,8.90E-06,2.00E-06,2.80E-05,9.51E-06,57,54,60,3.16227766,1,1,0,2,1.054092553,0,0
0.5,0,0,0,0,0.5,0,1,0,0,0.000069,6.90E-06,2.00E-06,1.90E-05,6.82E-06,57,54,60,3.16227766,1,1,0,2,1.054092553,0,0
0.5,0,0,0,0,0.5,0,1,0,0,0.000068,6.80E-06,2.00E-06,1.90E-05,5.92E-06,57,54,60,3.16227766,1,1,0,2,1.054092553,0,0
0.5,0,0,0,0,0.5,0,1,0,0,0.000283,2.83E-05,2.00E-06,0.000193,6.15E-05,57,54,60,3.16227766,1,1,0,2,1.054092553,0,0
0.5,0,0,0,0,0.5,0,1,0,0,0.000071,7.10E-06,2.00E-06,1.90E-05,6.75E-06,57,54,60,3.16227766,1,1,0,2,1.054092553,0,0
0.5,0,0,0,0,0.5,0,1,0,0,0.000137,1.37E-05,2.00E-06,8.80E-05,2.77E-05,57,54,60,3.16227766,1,1,0,2,1.054092553,0,0
0.5,0,0,0,0,0.5,0,1,0,0,0.000124,1.24E-05,3.00E-06,3.40E-05,1.13E-05,57,54,60,3.16227766,1,1,0,2,1.054092553,0,0
0.5,0,0,0,0,0.5,0,1,0,0,0.000094,9.40E-06,2.00E-06,2.50E-05,8.41E-06,57,54,60,3.16227766,1,1,0,2,1.054092553,0,0
0.5,0,0,0,0,0.5,0,1,0,0,0.000134,1.34E-05,3.00E-06,7.60E-05,2.38E-05,57,54,60,3.16227766,1,1,0,2,1.054092553,0,0
0.5,0,0,0,0,0.5,0,1,0,0,0.000172,1.72E-05,2.00E-06,7.20E-05,2.84E-05,57,54,60,3.16227766,1,1,0,2,1.054092553,0,0
0.5,0,0,0,0,0.5,0,1,0,0,0.000112,1.12E-05,3.00E-06,3.20E-05,1.12E-05,57,54,60,3.16227766,1,1,0,2,1.054092553,0,0
0.5,0,0,0,0,0.5,0,1,0,0,0.000101,1.01E-05,4.00E-06,2.80E-05,9.82E-06,57,54,60,3.16227766,1,1,0,2,1.054092553,0,0
0.5,0,0,0,0,0.5,0,1,0,0,0.000192,1.92E-05,4.00E-06,0.000111,3.45E-05,57,54,60,3.16227766,1,1,0,2,1.054092553,0,0
0.5,0,0,0,0,0.5,0,1,0,0,0.000112,1.12E-05,4.00E-06,3.10E-05,1.07E-05,57,54,60,3.16227766,1,1,0,2,1.054092553,0,0
0.5,0,0,0,0,0.5,0,1,0,0,0.000154,1.54E-05,5.00E-06,4.00E-05,1.37E-05,57,54,60,3.16227766,1,1,0,2,1.054092553,0,0
0.5,0,0,0,0,0.5,0,1,0,0,0.00013,1.30E-05,4.00E-06,4.50E-05,1.47E-05,57,54,60,3.16227766,1,1,0,2,1.054092553,0,0
0.5,0,0,0,0,0.5,0,1,0,0,0.000165,1.65E-05,2.00E-06,0.000101,3.15E-05,57,54,60,3.16227766,1,1,0,2,1.054092553,0,0
0.5,0,0,0,0,0.5,0,1,0,0,0.000146,1.46E-05,2.00E-06,8.30E-05,2.61E-05,57,54,60,3.16227766,1,1,0,2,1.054092553,0,0
0.5,0,0,0,0,0.5,0,1,0,0,0.00025,2.50E-05,4.00E-06,0.000149,4.65E-05,57,54,60,3.16227766,1,1,0,2,1.054092553,0,0
0.5,0,0,0,0,0.5,0,1,0,0,0.000079,7.90E-06,2.00E-06,2.80E-05,8.39E-06,57,54,60,3.16227766,1,1,0,2,1.054092553,0,0
0.5,0,0,0,0,0.5,0,1,0,0,0.000082,8.20E-06,2.00E-06,2.20E-05,7.34E-06,57,54,60,3.16227766,1,1,0,2,1.054092553,0,0
0.5,0,0,0,0,0.5,0,1,0,0,0.000074,7.40E-06,2.00E-06,2.40E-05,7.84E-06,57,54,60,3.16227766,1,1,0,2,1.054092553,0,0
0.5,0,0,0,0,0.5,0,1,0,0,0.000133,1.33E-05,2.00E-06,8.00E-05,2.52E-05,57,54,60,3.16227766,1,1,0,2,1.054092553,0,0
0.5,0,0,0,0,0.5,0,1,0,0,0.000246,2.46E-05,2.00E-06,0.000151,4.74E-05,57,54,60,3.16227766,1,1,0,2,1.054092553,0,0
0.5,0,0,0,0,0.5,0,1,0,0,0.000433,4.33E-05,3.00E-06,0.000348,0.000112837,57,54,60,3.16227766,1,1,0,2,1.054092553,0,0
0.5,0,0,0,0,0.5,0,1,0,0,0.000067,6.70E-06,2.00E-06,2.00E-05,6.19E-06,57,54,60,3.16227766,1,1,0,2,1.054092553,0,0
0.5,0,0,0,0,0.5,0,1,0,0,0.000315,3.15E-05,2.00E-06,0.000181,5.67E-05,57,54,60,3.16227766,1,1,0,2,1.054092553,0,0
0.5,0,0,0,0,0.5,0,1,0,0,0.000148,1.48E-05,5.00E-06,4.00E-05,1.46E-05,57,54,60,3.16227766,1,1,0,2,1.054092553,0,0
0.5,0,0,0,0,0.5,0,1,0,0,0.000285,2.85E-05,5.00E-06,0.00015,4.61E-05,57,54,60,3.16227766,1,1,0,2,1.054092553,0,0
0.5,0,0,0,0,0.5,0,1,0,0,0.000111,1.11E-05,2.00E-06,3.30E-05,1.17E-05,57,54,60,3.16227766,1,1,0,2,1.054092553,0,0
0.5,0,0,0,0,0.5,0,1,0,0,0.00012,1.20E-05,3.00E-06,4.00E-05,1.21E-05,57,54,60,3.16227766,1,1,0,2,1.054092553,0,0
0.5,0,0,0,0,0.5,0,1,0,0,0.000121,1.21E-05,2.00E-06,3.40E-05,1.11E-05,57,54,60,3.16227766,1,1,0,2,1.054092553,0,0
0.5,0,0,0,0,0.5,0,1,0,0,0.000115,1.15E-05,3.00E-06,3.30E-05,1.06E-05,57,54,60,3.16227766,1,1,0,2,1.054092553,0,0
0.5,0,0,0,0,0.5,0,1,0,0,0.000133,1.33E-05,3.00E-06,5.00E-05,1.64E-05,57,54,60,3.16227766,1,1,0,2,1.054092553,0,0
0.5,0,0,0,0,0.5,0,1,0,0,0.000126,1.26E-05,2.00E-06,3.40E-05,1.20E-05,57,54,60,3.16227766,1,1,0,2,1.054092553,0,0
0.5,0,0,0,0,0.5,0,1,0,0,0.000139,1.39E-05,3.00E-06,4.30E-05,1.44E-05,57,54,60,3.16227766,1,1,0,2,1.054092553,0,0
0.5,0,0,0,0,0.5,0,1,0,0,0.000138,1.38E-05,3.00E-06,5.30E-05,1.60E-05,57,54,60,3.16227766,1,1,0,2,1.054092553,0,0
0.5,0,0,0,0,0.5,0,1,0,0,0.000122,1.22E-05,2.00E-06,3.60E-05,1.17E-05,57,54,60,3.16227766,1,1,0,2,1.054092553,0,0
0.5,0,0,0,0,0.5,0,1,0,0,0.000109,1.09E-05,3.00E-06,2.60E-05,8.95E-06,57,54,60,3.16227766,1,1,0,2,1.054092553,0,0
0.5,0,0,0,0,0.5,0,1,0,0,0.000098,9.80E-06,2.00E-06,3.80E-05,1.19E-05,57,54,60,3.16227766,1,1,0,2,1.054092553,0,0
0.5,0,0,0,0,0.5,0,1,0,0,0.00012,1.20E-05,3.00E-06,2.90E-05,1.05E-05,57,54,60,3.16227766,1,1,0,2,1.054092553,0,0
0.5,0,0,0,0,0.5,0,1,0,0,0.000203,2.03E-05,3.00E-06,0.000112,3.50E-05,57,54,60,3.16227766,1,1,0,2,1.054092553,0,0
0.5,0,0,0,0,0.5,0,1,0,0,0.000212,2.12E-05,2.00E-06,0.000121,3.74E-05,57,54,60,3.16227766,1,1,0,2,1.054092553,0,0
0.5,0,0,0,0,0.5,0,1,0,0,0.000144,1.44E-05,3.00E-06,5.20E-05,1.59E-05,57,54,60,3.16227766,1,1,0,2,1.054092553,0,0
0.5,0,0,0,0,0.5,0,1,0,0,0.000147,1.47E-05,5.00E-06,4.00E-05,1.31E-05,57,54,60,3.16227766,1,1,0,2,1.054092553,0,0
0.5,0,0,0,0,0.5,0,1,0,0,0.000107,1.07E-05,3.00E-06,3.40E-05,1.12E-05,57,54,60,3.16227766,1,1,0,2,1.054092553,0,0
0.5,0,0,0,0,0.5,0,1,0,0,0.000153,1.53E-05,2.00E-06,8.90E-05,2.81E-05,57,54,60,3.16227766,1,1,0,2,1.054092553,0,0
0.5,0,0,0,0,0.5,0,1,0,0,0.000109,1.09E-05,2.00E-06,3.30E-05,1.08E-05,57,54,60,3.16227766,1,1,0,2,1.054092553,0,0
0.5,0,0,0,0,0.5,0,1,0,0,0.000156,1.56E-05,3.00E-06,8.30E-05,2.65E-05,57,54,60,3.16227766,1,1,0,2,1.054092553,0,0
0.5,0,0,0,0,0.5,0,1,0,0,0.000069,6.90E-06,2.00E-06,1.80E-05,6.54E-06,57,54,60,3.16227766,1,1,0,2,1.054092553,0,0
0.5,0,0,0,0,0.5,0,1,0,0,0.000079,7.90E-06,3.00E-06,2.10E-05,6.69E-06,57,54,60,3.16227766,1,1,0,2,1.054092553,0,0
0.5,0,0,0,0,0.5,0,1,0,0,0.000069,6.90E-06,2.00E-06,2.00E-05,6.73E-06,57,54,60,3.16227766,1,1,0,2,1.054092553,0,0
0.5,0,0,0,0,0.5,0,1,0,0,0.000379,3.79E-05,2.00E-06,0.000268,8.55E-05,57,54,60,3.16227766,1,1,0,2,1.054092553,0,0
0.5,0,0,0,0,0.5,0,1,0,0,0.000132,1.32E-05,2.00E-06,3.50E-05,1.20E-05,57,54,60,3.16227766,1,1,0,2,1.054092553,0,0
0.5,0,0,0,0,0.5,0,1,0,0,0.000336,3.36E-05,2.00E-06,0.00027,8.76E-05,57,54,60,3.16227766,1,1,0,2,1.054092553,0,0
0.5,0,0,0,0,0.5,0,1,0,0,0.00007,7.00E-06,2.00E-06,1.90E-05,7.01E-06,57,54,60,3.16227766,1,1,0,2,1.054092553,0,0
0.5,0,0,0,0,0.5,0,1,0,0,0.000188,1.88E-05,2.00E-06,0.000103,3.24E-05,57,54,60,3.16227766,1,1,0,2,1.054092553,0,0
0.5,0,0,0,0,0.5,0,1,0,0,0.000541,5.41E-05,4.00E-06,0.000368,0.000116734,57,54,60,3.16227766,1,1,0,2,1.054092553,0,0
0.5,0,0,0,0,0.5,0,1,0,0,0.000084,8.40E-06,2.00E-06,2.20E-05,7.28E-06,57,54,60,3.16227766,1,1,0,2,1.054092553,0,0
0.5,0,0,0,0,0.5,0,1,0,0,0.000067,6.70E-06,2.00E-06,1.80E-05,6.56E-06,57,54,60,3.16227766,1,1,0,2,1.054092553,0,0
0.5,0,0,0,0,0.5,0,1,0,0,0.000113,1.13E-05,3.00E-06,3.40E-05,1.08E-05,57,54,60,3.16227766,1,1,0,2,1.054092553,0,0
0.5,0,0,0,0,0.5,0,1,0,0,0.000113,1.13E-05,3.00E-06,3.20E-05,1.13E-05,57,54,60,3.16227766,1,1,0,2,1.054092553,0,0
0.5,0,0,0,0,0.5,0,1,0,0,0.000129,1.29E-05,4.00E-06,3.90E-05,1.28E-05,57,54,60,3.16227766,1,1,0,2,1.054092553,0,0
0.5,0,0,0,0,0.5,0,1,0,0,0.000133,1.33E-05,2.00E-06,5.00E-05,1.62E-05,57,54,60,3.16227766,1,1,0,2,1.054092553,0,0
0.5,0,0,0,0,0.5,0,1,0,0,0.000106,1.06E-05,3.00E-06,2.60E-05,9.15E-06,57,54,60,3.16227766,1,1,0,2,1.054092553,0,0
0.5,0,0,0,0,0.5,0,1,0,0,0.000131,1.31E-05,3.00E-06,3.80E-05,1.29E-05,57,54,60,3.16227766,1,1,0,2,1.054092553,0,0
0.5,0,0,0,0,0.5,0,1,0,0,0.000101,1.01E-05,3.00E-06,4.30E-05,1.30E-05,57,54,60,3.16227766,1,1,0,2,1.054092553,0,0
0.5,0,0,0,0,0.5,0,1,0,0,0.000064,6.40E-06,2.00E-06,1.70E-05,5.99E-06,57,54,60,3.16227766,1,1,0,2,1.054092553,0,0
0.5,0,0,0,0,0.5,0,1,0,0,0.000113,1.13E-05,2.00E-06,3.30E-05,1.20E-05,57,54,60,3.16227766,1,1,0,2,1.054092553,0,0
0.5,0,0,0,0,0.5,0,1,0,0,0.00013,1.30E-05,2.00E-06,8.00E-05,2.52E-05,57,54,60,3.16227766,1,1,0,2,1.054092553,0,0
0.5,0,0,0,0,0.5,0,1,0,0,0.000074,7.40E-06,2.00E-06,2.00E-05,6.74E-06,57,54,60,3.16227766,1,1,0,2,1.054092553,0,0
0.5,0,0,0,0,0.5,0,1,0,0,0.000127,1.27E-05,2.00E-06,7.80E-05,2.45E-05,57,54,60,3.16227766,1,1,0,2,1.054092553,0,0
0.5,0,0,0,0,0.5,0,1,0,0,0.000123,1.23E-05,3.00E-06,3.20E-05,1.04E-05,57,54,60,3.16227766,1,1,0,2,1.054092553,0,0
0.5,0,0,0,0,0.5,0,1,0,0,0.000126,1.26E-05,2.00E-06,7.90E-05,2.48E-05,57,54,60,3.16227766,1,1,0,2,1.054092553,0,0
0.5,0,0,0,0,0.5,0,1,0,0,0.0001,1.00E-05,2.00E-06,3.20E-05,9.85E-06,57,54,60,3.16227766,1,1,0,2,1.054092553,0,0
0.5,0,0,0,0,0.5,0,1,0,0,0.000097,9.70E-06,2.00E-06,3.10E-05,9.91E-06,57,54,60,3.16227766,1,1,0,2,1.054092553,0,0
0.1,0,0,0.1,0,0.2,0,0.4,0.1,0.5,0.100594,0.0100594,2.30E-05,0.025436,0.013226486,167.6,54,370,113.5127991,0.4,0,0,0,0,0,0
0.1,0,0.1,0,0,0.2,0,0.4,0.1,0.5,1.076078,0.1076078,2.40E-05,1.000729,0.330659274,167.6,54,370,113.5127991,0.4,0,0,0,0,0,0
0.6,0,0,0,0,0.4,0,1,0,0,0.000512,5.12E-05,6.00E-06,0.000102,3.32E-05,60,60,60,0,1,3.6,2,6,2.065591118,0,0
0.6,0,0,0,0,0.4,0,1,0,0,0.002887,0.0002887,2.00E-06,0.002425,0.000793139,60,60,60,0,1,3.6,2,6,2.065591118,0,0
0.4,0,0,0,0,0.6,0,1,0,0,0.000444,4.44E-05,2.00E-06,0.000147,5.02E-05,60,60,60,0,1,4.4,2,6,2.065591118,0,0
0.6,0,0,0,0,0.4,0,1,0,0,0.000576,5.76E-05,4.00E-06,0.00027,7.92E-05,60,60,60,0,1,3.6,2,6,2.065591118,0,0
0.6,0,0,0,0,0.4,0,1,0,0,0.003237,0.0003237,2.00E-06,0.002803,0.000917255,60,60,60,0,1,3.6,2,6,2.065591118,0,0
0.5,0,0,0,0,0.5,0,1,0,0,0.000579,5.79E-05,3.00E-06,0.000164,5.41E-05,60,60,60,0,1,4,2,6,2.108185107,0,0
0.4,0,0,0,0,0.6,0,1,0,0,0.000412,4.12E-05,2.00E-06,0.000199,6.10E-05,60,60,60,0,1,4.4,2,6,2.065591118,0,0
0.5,0,0,0,0,0.5,0,1,0,0,0.000627,6.27E-05,4.00E-06,0.000211,6.56E-05,60,60,60,0,1,4,2,6,2.108185107,0,0
